 |0
!|1
'|2
,|3
-|4
.|5
0|6
1|7
2|8
3|9
5|10
6|11
7|12
8|13
?|14
A|15
C|16
N|17
S|18
X|19
a|20
g|21
n|22
o|23
s|24
~|25
…|26
ㅊ|27
ㅠ|28
가|29
각|30
간|31
갈|32
감|33
갑|34
값|35
갔|36
강|37
갖|38
같|39
갚|40
개|41
객|42
갯|43
갱|44
거|45
걱|46
건|47
걷|48
걸|49
검|50
겁|51
것|52
겉|53
게|54
겐|55
겟|56
겠|57
겨|58
격|59
겪|60
견|61
결|62
겼|63
경|64
곁|65
계|66
고|67
곡|68
곤|69
곧|70
골|71
곰|72
곱|73
곳|74
공|75
과|76
관|77
광|78
괘|79
괜|80
괴|81
교|82
구|83
국|84
군|85
굳|86
굴|87
굽|88
궁|89
궈|90
권|91
귀|92
귄|93
귈|94
규|95
균|96
귤|97
그|98
극|99
근|100
글|101
금|102
급|103
긋|104
긍|105
기|106
긴|107
길|108
김|109
깃|110
깊|111
까|112
깍|113
깎|114
깐|115
깔|116
깜|117
깝|118
깨|119
깰|120
꺼|121
껏|122
께|123
껴|124
꼈|125
꼬|126
꼭|127
꼰|128
꼼|129
꽃|130
꽤|131
꾸|132
꾹|133
꾼|134
꿀|135
꿈|136
꿎|137
꿔|138
꿨|139
꿩|140
꿰|141
뀌|142
뀔|143
끄|144
끈|145
끊|146
끌|147
끓|148
끔|149
끗|150
끝|151
끼|152
낀|153
낄|154
낌|155
나|156
낙|157
난|158
날|159
남|160
납|161
낫|162
났|163
낭|164
낮|165
낳|166
내|167
낸|168
낼|169
냈|170
냉|171
냐|172
냥|173
너|174
넌|175
널|176
넓|177
넘|178
넣|179
네|180
넷|181
녀|182
녁|183
년|184
념|185
녔|186
녕|187
노|188
녹|189
놀|190
놈|191
농|192
높|193
놓|194
놔|195
놨|196
뇌|197
뇨|198
누|199
눅|200
눈|201
눕|202
눠|203
눴|204
뉴|205
느|206
는|207
늘|208
늙|209
늠|210
능|211
늦|212
늪|213
니|214
닉|215
닌|216
닐|217
님|218
닝|219
다|220
닥|221
닦|222
단|223
닫|224
달|225
닮|226
담|227
답|228
당|229
닿|230
대|231
댄|232
댈|233
댓|234
더|235
덕|236
던|237
덜|238
덤|239
덧|240
데|241
덴|242
뎌|243
뎠|244
도|245
독|246
돈|247
돋|248
돌|249
돕|250
동|251
돼|252
됐|253
되|254
된|255
될|256
됩|257
두|258
둔|259
둘|260
둠|261
둥|262
둬|263
뒀|264
뒤|265
뒷|266
뒹|267
듀|268
드|269
득|270
든|271
듣|272
들|273
듬|274
듭|275
듯|276
등|277
디|278
딘|279
딛|280
딨|281
딩|282
딪|283
따|284
딱|285
딴|286
딸|287
땀|288
땅|289
때|290
땐|291
떠|292
떡|293
떤|294
떨|295
떻|296
뗄|297
또|298
똑|299
똥|300
뚝|301
뚫|302
뛰|303
뜁|304
뜨|305
뜰|306
뜻|307
띄|308
띠|309
라|310
락|311
란|312
랄|313
람|314
랍|315
랐|316
랑|317
랖|318
래|319
랜|320
램|321
랫|322
랬|323
량|324
러|325
런|326
럴|327
럼|328
럽|329
렀|330
렇|331
레|332
렉|333
렌|334
렐|335
렘|336
렛|337
렜|338
려|339
력|340
련|341
렬|342
렴|343
렵|344
렸|345
령|346
례|347
로|348
록|349
론|350
롤|351
롭|352
롱|353
뢰|354
료|355
루|356
룩|357
룰|358
룽|359
뤄|360
류|361
륜|362
률|363
르|364
륵|365
른|366
를|367
름|368
릅|369
릇|370
릎|371
리|372
린|373
릴|374
림|375
립|376
릿|377
마|378
막|379
만|380
많|381
말|382
맘|383
맙|384
맛|385
망|386
맞|387
맡|388
매|389
맥|390
맨|391
맴|392
맷|393
맺|394
머|395
먹|396
먼|397
멀|398
멈|399
멋|400
멍|401
메|402
며|403
면|404
명|405
몇|406
모|407
목|408
몫|409
몬|410
몰|411
몸|412
몹|413
못|414
몽|415
무|416
묵|417
문|418
묻|419
물|420
뭇|421
뭐|422
뭔|423
뭘|424
미|425
민|426
믿|427
밀|428
밌|429
밍|430
밑|431
바|432
박|433
밖|434
반|435
받|436
발|437
밝|438
밟|439
밤|440
밥|441
방|442
배|443
백|444
밸|445
뱉|446
버|447
벅|448
번|449
벌|450
범|451
법|452
벗|453
벚|454
베|455
벤|456
벼|457
벽|458
변|459
별|460
볍|461
병|462
보|463
복|464
볶|465
본|466
볼|467
봄|468
봅|469
봇|470
봉|471
봐|472
봤|473
부|474
북|475
분|476
불|477
붙|478
브|479
블|480
비|481
빈|482
빌|483
빗|484
빚|485
빛|486
빠|487
빡|488
빨|489
빴|490
빼|491
뻐|492
뻥|493
뽑|494
뿅|495
뿌|496
뿐|497
쁘|498
쁜|499
쁠|500
쁨|501
삐|502
사|503
삭|504
산|505
살|506
삶|507
삼|508
상|509
새|510
색|511
샌|512
생|513
샤|514
서|515
석|516
선|517
섣|518
설|519
섬|520
섭|521
섰|522
성|523
세|524
센|525
셀|526
셔|527
션|528
셨|529
소|530
속|531
손|532
솔|533
솜|534
송|535
쇼|536
숍|537
수|538
숙|539
순|540
술|541
숨|542
숫|543
숭|544
쉬|545
쉴|546
쉼|547
쉽|548
슈|549
스|550
슨|551
슬|552
슴|553
습|554
슷|555
승|556
시|557
식|558
신|559
실|560
싫|561
심|562
십|563
싱|564
싶|565
싸|566
싼|567
쌍|568
쌓|569
쌩|570
써|571
썸|572
썼|573
쎄|574
쎌|575
쏜|576
쏟|577
쏠|578
쐬|579
쓰|580
쓴|581
쓸|582
씀|583
씁|584
씌|585
씨|586
씩|587
씬|588
씸|589
씹|590
씻|591
아|592
악|593
안|594
앉|595
않|596
알|597
압|598
앗|599
았|600
앞|601
애|602
액|603
앨|604
야|605
약|606
얇|607
양|608
얘|609
어|610
억|611
언|612
얻|613
얼|614
얽|615
엄|616
업|617
없|618
엇|619
었|620
엉|621
에|622
엔|623
엣|624
여|625
역|626
엮|627
연|628
열|629
염|630
엽|631
였|632
영|633
옆|634
예|635
옛|636
오|637
옥|638
온|639
올|640
옮|641
옳|642
옴|643
옵|644
옷|645
와|646
완|647
왔|648
왕|649
왜|650
외|651
요|652
욕|653
욜|654
용|655
우|656
욱|657
운|658
울|659
움|660
웁|661
웃|662
워|663
원|664
월|665
웠|666
웨|667
웬|668
웹|669
위|670
윗|671
유|672
육|673
으|674
은|675
을|676
음|677
응|678
의|679
이|680
익|681
인|682
일|683
읽|684
잃|685
임|686
입|687
잇|688
있|689
잊|690
자|691
작|692
잔|693
잖|694
잘|695
잠|696
잡|697
장|698
잦|699
재|700
잼|701
쟁|702
저|703
적|704
전|705
절|706
점|707
접|708
정|709
젖|710
제|711
젠|712
져|713
젹|714
졌|715
조|716
족|717
존|718
졸|719
좀|720
좁|721
종|722
좋|723
좌|724
죄|725
죠|726
주|727
죽|728
준|729
줄|730
중|731
줘|732
줬|733
쥐|734
쥬|735
즈|736
즐|737
즘|738
증|739
지|740
직|741
진|742
질|743
짐|744
집|745
짓|746
짚|747
짜|748
짝|749
짠|750
짧|751
짰|752
째|753
쨌|754
쩌|755
쩍|756
쩐|757
쩔|758
쪄|759
쪼|760
쪽|761
쭤|762
쯤|763
찌|764
찍|765
찔|766
찜|767
찢|768
차|769
착|770
찬|771
찮|772
찰|773
참|774
찼|775
창|776
찾|777
채|778
책|779
챙|780
처|781
척|782
천|783
철|784
첨|785
첩|786
첫|787
청|788
체|789
쳐|790
쳤|791
초|792
촉|793
최|794
추|795
축|796
춘|797
출|798
춥|799
충|800
춰|801
취|802
츠|803
측|804
치|805
칙|806
친|807
칠|808
침|809
칫|810
칭|811
카|812
칼|813
캬|814
커|815
컨|816
컷|817
컸|818
케|819
켜|820
켠|821
코|822
콕|823
콘|824
콜|825
콤|826
콩|827
쾌|828
쿠|829
쿨|830
퀴|831
큐|832
크|833
큰|834
클|835
큼|836
킁|837
키|838
킥|839
킨|840
킬|841
타|842
탁|843
탄|844
탈|845
탐|846
탑|847
탓|848
탕|849
태|850
택|851
터|852
턴|853
털|854
텀|855
텅|856
테|857
텍|858
텐|859
템|860
텨|861
텼|862
토|863
톡|864
통|865
퇴|866
투|867
툭|868
툰|869
툴|870
툼|871
트|872
특|873
틀|874
틈|875
틋|876
티|877
틱|878
팀|879
팅|880
파|881
팍|882
판|883
팔|884
팠|885
패|886
팬|887
퍼|888
펑|889
페|890
펭|891
펴|892
편|893
펼|894
평|895
포|896
폭|897
폰|898
퐈|899
표|900
푸|901
푹|902
푼|903
풀|904
품|905
풋|906
풍|907
프|908
픈|909
플|910
픔|911
피|912
픽|913
필|914
핍|915
핑|916
하|917
학|918
한|919
할|920
함|921
합|922
핫|923
항|924
해|925
핸|926
햇|927
했|928
행|929
향|930
허|931
헐|932
험|933
헛|934
헤|935
헥|936
헷|937
헹|938
혀|939
현|940
혔|941
형|942
호|943
혹|944
혼|945
홀|946
홈|947
화|948
확|949
환|950
활|951
황|952
회|953
획|954
효|955
후|956
훔|957
훨|958
휘|959
휴|960
흐|961
흑|962
흔|963
흘|964
흡|965
흥|966
희|967
히|968
힌|969
힐|970
힘|971